month,factor_key,value,source
2008-01,lme,2477.05,real:fred_lme_csv
2008-02,lme,2721.31,real:fred_lme_csv
2008-03,lme,3012.05,real:fred_lme_csv
2008-04,lme,2968.03,real:fred_lme_csv
2008-05,lme,2908.28,real:fred_lme_csv
2008-06,lme,3090.8,real:fred_lme_csv
2008-07,lme,3122.35,real:fred_lme_csv
2008-08,lme,2817.35,real:fred_lme_csv
2008-09,lme,2577.0,real:fred_lme_csv
2008-10,lme,2178.43,real:fred_lme_csv
2008-11,lme,1910.93,real:fred_lme_csv
2008-12,lme,1536.07,real:fred_lme_csv
2009-01,lme,1448.74,real:fred_lme_csv
2009-02,lme,1367.93,real:fred_lme_csv
2009-03,lme,1373.02,real:fred_lme_csv
2009-04,lme,1458.65,real:fred_lme_csv
2009-05,lme,1497.39,real:fred_lme_csv
2009-06,lme,1605.23,real:fred_lme_csv
2009-07,lme,1695.07,real:fred_lme_csv
2009-08,lme,1965.48,real:fred_lme_csv
2009-09,lme,1867.34,real:fred_lme_csv
2009-10,lme,1914.8,real:fred_lme_csv
2009-11,lme,1981.95,real:fred_lme_csv
2009-12,lme,2213.5,real:fred_lme_csv
2010-01,lme,2266.65,real:fred_lme_csv
2010-02,lme,2079.95,real:fred_lme_csv
2010-03,lme,2236.96,real:fred_lme_csv
2010-04,lme,2346.25,real:fred_lme_csv
2010-05,lme,2069.71,real:fred_lme_csv
2010-06,lme,1960.95,real:fred_lme_csv
2010-07,lme,2007.0,real:fred_lme_csv
2010-08,lme,2121.62,real:fred_lme_csv
2010-09,lme,2193.84,real:fred_lme_csv
2010-10,lme,2378.17,real:fred_lme_csv
2010-11,lme,2359.25,real:fred_lme_csv
2010-12,lme,2367.02,real:fred_lme_csv
2011-01,lme,2455.43,real:fred_lme_csv
2011-02,lme,2531.8,real:fred_lme_csv
2011-03,lme,2585.26,real:fred_lme_csv
2011-04,lme,2685.5,real:fred_lme_csv
2011-05,lme,2595.8,real:fred_lme_csv
2011-06,lme,2583.75,real:fred_lme_csv
2011-07,lme,2542.55,real:fred_lme_csv
2011-08,lme,2426.36,real:fred_lme_csv
2011-09,lme,2332.86,real:fred_lme_csv
2011-10,lme,2200.75,real:fred_lme_csv
2011-11,lme,2093.95,real:fred_lme_csv
2011-12,lme,2032.35,real:fred_lme_csv
2012-01,lme,2175.12,real:fred_lme_csv
2012-02,lme,2245.93,real:fred_lme_csv
2012-03,lme,2225.07,real:fred_lme_csv
2012-04,lme,2087.05,real:fred_lme_csv
2012-05,lme,2041.3,real:fred_lme_csv
2012-06,lme,1924.26,real:fred_lme_csv
2012-07,lme,1905.89,real:fred_lme_csv
2012-08,lme,1872.48,real:fred_lme_csv
2012-09,lme,2067.83,real:fred_lme_csv
2012-10,lme,2002.96,real:fred_lme_csv
2012-11,lme,1961.52,real:fred_lme_csv
2012-12,lme,2098.47,real:fred_lme_csv
2013-01,lme,2075.14,real:fred_lme_csv
2013-02,lme,2095.08,real:fred_lme_csv
2013-03,lme,1953.0,real:fred_lme_csv
2013-04,lme,1889.4,real:fred_lme_csv
2013-05,lme,1862.76,real:fred_lme_csv
2013-06,lme,1856.7,real:fred_lme_csv
2013-07,lme,1811.96,real:fred_lme_csv
2013-08,lme,1863.14,real:fred_lme_csv
2013-09,lme,1807.86,real:fred_lme_csv
2013-10,lme,1859.41,real:fred_lme_csv
2013-11,lme,1795.17,real:fred_lme_csv
2013-12,lme,1784.63,real:fred_lme_csv
2014-01,lme,1771.11,real:fred_lme_csv
2014-02,lme,1737.15,real:fred_lme_csv
2014-03,lme,1746.6,real:fred_lme_csv
2014-04,lme,1847.03,real:fred_lme_csv
2014-05,lme,1790.98,real:fred_lme_csv
2014-06,lme,1868.83,real:fred_lme_csv
2014-07,lme,1967.28,real:fred_lme_csv
2014-08,lme,2038.1,real:fred_lme_csv
2014-09,lme,2023.48,real:fred_lme_csv
2014-10,lme,1956.39,real:fred_lme_csv
2014-11,lme,2041.35,real:fred_lme_csv
2014-12,lme,1929.62,real:fred_lme_csv
2015-01,lme,1822.0,real:fred_lme_csv
2015-02,lme,1837.4,real:fred_lme_csv
2015-03,lme,1781.41,real:fred_lme_csv
2015-04,lme,1807.98,real:fred_lme_csv
2015-05,lme,1838.39,real:fred_lme_csv
2015-06,lme,1723.66,real:fred_lme_csv
2015-07,lme,1679.35,real:fred_lme_csv
2015-08,lme,1570.15,real:fred_lme_csv
2015-09,lme,1604.91,real:fred_lme_csv
2015-10,lme,1546.91,real:fred_lme_csv
2015-11,lme,1481.45,real:fred_lme_csv
2015-12,lme,1495.74,real:fred_lme_csv
2016-01,lme,1480.1,real:fred_lme_csv
2016-02,lme,1527.93,real:fred_lme_csv
2016-03,lme,1537.17,real:fred_lme_csv
2016-04,lme,1574.74,real:fred_lme_csv
2016-05,lme,1569.33,real:fred_lme_csv
2016-06,lme,1600.91,real:fred_lme_csv
2016-07,lme,1640.98,real:fred_lme_csv
2016-08,lme,1653.39,real:fred_lme_csv
2016-09,lme,1604.14,real:fred_lme_csv
2016-10,lme,1669.33,real:fred_lme_csv
2016-11,lme,1734.02,real:fred_lme_csv
2016-12,lme,1722.55,real:fred_lme_csv
2017-01,lme,1786.38,real:fred_lme_csv
2017-02,lme,1865.85,real:fred_lme_csv
2017-03,lme,1911.0,real:fred_lme_csv
2017-04,lme,1941.31,real:fred_lme_csv
2017-05,lme,1917.07,real:fred_lme_csv
2017-06,lme,1892.16,real:fred_lme_csv
2017-07,lme,1921.36,real:fred_lme_csv
2017-08,lme,2035.43,real:fred_lme_csv
2017-09,lme,2125.69,real:fred_lme_csv
2017-10,lme,2148.5,real:fred_lme_csv
2017-11,lme,2117.02,real:fred_lme_csv
2017-12,lme,2087.34,real:fred_lme_csv
2018-01,lme,2221.68,real:fred_lme_csv
2018-02,lme,2173.83,real:fred_lme_csv
2018-03,lme,2094.9,real:fred_lme_csv
2018-04,lme,2245.73,real:fred_lme_csv
2018-05,lme,2287.93,real:fred_lme_csv
2018-06,lme,2237.24,real:fred_lme_csv
2018-07,lme,2076.32,real:fred_lme_csv
2018-08,lme,2070.59,real:fred_lme_csv
2018-09,lme,2055.2,real:fred_lme_csv
2018-10,lme,2044.93,real:fred_lme_csv
2018-11,lme,1950.02,real:fred_lme_csv
2018-12,lme,1928.63,real:fred_lme_csv
2019-01,lme,1861.55,real:fred_lme_csv
2019-02,lme,1885.05,real:fred_lme_csv
2019-03,lme,1895.33,real:fred_lme_csv
2019-04,lme,1868.28,real:fred_lme_csv
2019-05,lme,1805.55,real:fred_lme_csv
2019-06,lme,1782.05,real:fred_lme_csv
2019-07,lme,1816.33,real:fred_lme_csv
2019-08,lme,1771.12,real:fred_lme_csv
2019-09,lme,1776.76,real:fred_lme_csv
2019-10,lme,1727.57,real:fred_lme_csv
2019-11,lme,1766.36,real:fred_lme_csv
2019-12,lme,1780.8,real:fred_lme_csv
2020-01,lme,1792.32,real:fred_lme_csv
2020-02,lme,1711.58,real:fred_lme_csv
2020-03,lme,1634.36,real:fred_lme_csv
2020-04,lme,1494.48,real:fred_lme_csv
2020-05,lme,1492.68,real:fred_lme_csv
2020-06,lme,1587.27,real:fred_lme_csv
2020-07,lme,1672.93,real:fred_lme_csv
2020-08,lme,1771.55,real:fred_lme_csv
2020-09,lme,1783.32,real:fred_lme_csv
2020-10,lme,1819.84,real:fred_lme_csv
2020-11,lme,1945.5,real:fred_lme_csv
2020-12,lme,2028.9,real:fred_lme_csv
2021-01,lme,2005.08,real:fred_lme_csv
2021-02,lme,2085.38,real:fred_lme_csv
2021-03,lme,2212.17,real:fred_lme_csv
2021-04,lme,2333.25,real:fred_lme_csv
2021-05,lme,2453.71,real:fred_lme_csv
2021-06,lme,2445.59,real:fred_lme_csv
2021-07,lme,2504.11,real:fred_lme_csv
2021-08,lme,2601.83,real:fred_lme_csv
2021-09,lme,2852.86,real:fred_lme_csv
2021-10,lme,2970.0,real:fred_lme_csv
2021-11,lme,2646.84,real:fred_lme_csv
2021-12,lme,2694.05,real:fred_lme_csv
2022-01,lme,3000.08,real:fred_lme_csv
2022-02,lme,3224.18,real:fred_lme_csv
2022-03,lme,3542.93,real:fred_lme_csv
2022-04,lme,3276.11,real:fred_lme_csv
2022-05,lme,2854.79,real:fred_lme_csv
2022-06,lme,2585.03,real:fred_lme_csv
2022-07,lme,2407.93,real:fred_lme_csv
2022-08,lme,2424.11,real:fred_lme_csv
2022-09,lme,2243.07,real:fred_lme_csv
2022-10,lme,2249.62,real:fred_lme_csv
2022-11,lme,2359.2,real:fred_lme_csv
2022-12,lme,2429.5,real:fred_lme_csv
2023-01,lme,2521.81,real:fred_lme_csv
2023-02,lme,2456.15,real:fred_lme_csv
2023-03,lme,2336.61,real:fred_lme_csv
2023-04,lme,2367.97,real:fred_lme_csv
2023-05,lme,2269.68,real:fred_lme_csv
2023-06,lme,2220.73,real:fred_lme_csv
2023-07,lme,2197.93,real:fred_lme_csv
2023-08,lme,2181.86,real:fred_lme_csv
2023-09,lme,2220.31,real:fred_lme_csv
2023-10,lme,2218.52,real:fred_lme_csv
2023-11,lme,2231.18,real:fred_lme_csv
2023-12,lme,2220.37,real:fred_lme_csv
2024-01,lme,2238.02,real:fred_lme_csv
2024-02,lme,2218.24,real:fred_lme_csv
2024-03,lme,2269.35,real:fred_lme_csv
2024-04,lme,2526.4,real:fred_lme_csv
2024-05,lme,2610.95,real:fred_lme_csv
2024-06,lme,2547.5,real:fred_lme_csv
2024-07,lme,2417.02,real:fred_lme_csv
2024-08,lme,2376.88,real:fred_lme_csv
2024-09,lme,2468.57,real:fred_lme_csv
2024-10,lme,2620.65,real:fred_lme_csv
2024-11,lme,2612.24,real:fred_lme_csv
2024-12,lme,2573.05,real:fred_lme_csv
2025-01,lme,2590.16,real:fred_lme_csv
2025-02,lme,2640.55,real:fred_lme_csv
2025-03,lme,2649.07,real:fred_lme_csv
2025-04,lme,2415.83,real:fred_lme_csv
2025-05,lme,2451.6,real:fred_lme_csv
2025-06,lme,2516.93,real:fred_lme_csv
2025-07,lme,2605.07,real:fred_lme_csv
2025-08,lme,2594.18,real:fred_lme_csv
2025-09,lme,2650.41,real:fred_lme_csv
2025-10,lme,2783.98,real:fred_lme_csv
2025-11,lme,2845.75,real:fred_lme_csv
2025-12,lme,2909.9,real:fred_lme_csv
2026-01,lme,3153.19,real:fred_lme_csv
2026-02,lme,3090.83,real:fred_lme_csv
2026-03,lme,3341.64,real:fred_lme_csv
2026-04,lme,3545.73,real:fred_lme_csv
2026-05,lme,3600.79,real:fred_lme_csv
2026-06,lme,3438.89,real:fred_lme_csv
2008-01,midwest_premium,87.92,approx:public_anchor
2008-02,midwest_premium,89.34,approx:public_anchor
2008-03,midwest_premium,89.02,approx:public_anchor
2008-04,midwest_premium,87.41,approx:public_anchor
2008-05,midwest_premium,83.65,approx:public_anchor
2008-06,midwest_premium,85.92,approx:public_anchor
2008-07,midwest_premium,84.1,approx:public_anchor
2008-08,midwest_premium,82.92,approx:public_anchor
2008-09,midwest_premium,81.79,approx:public_anchor
2008-10,midwest_premium,81.17,approx:public_anchor
2008-11,midwest_premium,81.74,approx:public_anchor
2008-12,midwest_premium,76.12,approx:public_anchor
2009-01,midwest_premium,75.95,approx:public_anchor
2009-02,midwest_premium,77.33,approx:public_anchor
2009-03,midwest_premium,71.56,approx:public_anchor
2009-04,midwest_premium,72.82,approx:public_anchor
2009-05,midwest_premium,70.2,approx:public_anchor
2009-06,midwest_premium,69.97,approx:public_anchor
2009-07,midwest_premium,73.19,approx:public_anchor
2009-08,midwest_premium,72.1,approx:public_anchor
2009-09,midwest_premium,75.96,approx:public_anchor
2009-10,midwest_premium,77.75,approx:public_anchor
2009-11,midwest_premium,82.12,approx:public_anchor
2009-12,midwest_premium,83.83,approx:public_anchor
2010-01,midwest_premium,90.15,approx:public_anchor
2010-02,midwest_premium,88.91,approx:public_anchor
2010-03,midwest_premium,95.67,approx:public_anchor
2010-04,midwest_premium,94.23,approx:public_anchor
2010-05,midwest_premium,98.03,approx:public_anchor
2010-06,midwest_premium,100.08,approx:public_anchor
2010-07,midwest_premium,102.52,approx:public_anchor
2010-08,midwest_premium,102.63,approx:public_anchor
2010-09,midwest_premium,108.22,approx:public_anchor
2010-10,midwest_premium,110.84,approx:public_anchor
2010-11,midwest_premium,113.04,approx:public_anchor
2010-12,midwest_premium,116.43,approx:public_anchor
2011-01,midwest_premium,115.57,approx:public_anchor
2011-02,midwest_premium,119.29,approx:public_anchor
2011-03,midwest_premium,120.88,approx:public_anchor
2011-04,midwest_premium,120.74,approx:public_anchor
2011-05,midwest_premium,128.44,approx:public_anchor
2011-06,midwest_premium,128.35,approx:public_anchor
2011-07,midwest_premium,135.21,approx:public_anchor
2011-08,midwest_premium,147.17,approx:public_anchor
2011-09,midwest_premium,146.92,approx:public_anchor
2011-10,midwest_premium,151.99,approx:public_anchor
2011-11,midwest_premium,160.46,approx:public_anchor
2011-12,midwest_premium,166.55,approx:public_anchor
2012-01,midwest_premium,174.0,approx:public_anchor
2012-02,midwest_premium,171.53,approx:public_anchor
2012-03,midwest_premium,185.17,approx:public_anchor
2012-04,midwest_premium,183.68,approx:public_anchor
2012-05,midwest_premium,185.19,approx:public_anchor
2012-06,midwest_premium,191.38,approx:public_anchor
2012-07,midwest_premium,204.86,approx:public_anchor
2012-08,midwest_premium,208.97,approx:public_anchor
2012-09,midwest_premium,216.67,approx:public_anchor
2012-10,midwest_premium,212.67,approx:public_anchor
2012-11,midwest_premium,220.57,approx:public_anchor
2012-12,midwest_premium,222.05,approx:public_anchor
2013-01,midwest_premium,223.71,approx:public_anchor
2013-02,midwest_premium,238.25,approx:public_anchor
2013-03,midwest_premium,251.47,approx:public_anchor
2013-04,midwest_premium,254.71,approx:public_anchor
2013-05,midwest_premium,250.63,approx:public_anchor
2013-06,midwest_premium,266.07,approx:public_anchor
2013-07,midwest_premium,267.47,approx:public_anchor
2013-08,midwest_premium,282.93,approx:public_anchor
2013-09,midwest_premium,296.59,approx:public_anchor
2013-10,midwest_premium,299.89,approx:public_anchor
2013-11,midwest_premium,307.4,approx:public_anchor
2013-12,midwest_premium,327.73,approx:public_anchor
2014-01,midwest_premium,332.93,approx:public_anchor
2014-02,midwest_premium,340.9,approx:public_anchor
2014-03,midwest_premium,359.8,approx:public_anchor
2014-04,midwest_premium,364.31,approx:public_anchor
2014-05,midwest_premium,379.35,approx:public_anchor
2014-06,midwest_premium,379.58,approx:public_anchor
2014-07,midwest_premium,403.41,approx:public_anchor
2014-08,midwest_premium,400.51,approx:public_anchor
2014-09,midwest_premium,415.59,approx:public_anchor
2014-10,midwest_premium,413.34,approx:public_anchor
2014-11,midwest_premium,450.2,approx:public_anchor
2014-12,midwest_premium,417.14,approx:public_anchor
2015-01,midwest_premium,396.36,approx:public_anchor
2015-02,midwest_premium,356.52,approx:public_anchor
2015-03,midwest_premium,346.52,approx:public_anchor
2015-04,midwest_premium,319.28,approx:public_anchor
2015-05,midwest_premium,305.32,approx:public_anchor
2015-06,midwest_premium,265.92,approx:public_anchor
2015-07,midwest_premium,252.68,approx:public_anchor
2015-08,midwest_premium,232.07,approx:public_anchor
2015-09,midwest_premium,198.78,approx:public_anchor
2015-10,midwest_premium,180.39,approx:public_anchor
2015-11,midwest_premium,175.05,approx:public_anchor
2015-12,midwest_premium,178.01,approx:public_anchor
2016-01,midwest_premium,177.96,approx:public_anchor
2016-02,midwest_premium,180.34,approx:public_anchor
2016-03,midwest_premium,175.23,approx:public_anchor
2016-04,midwest_premium,171.18,approx:public_anchor
2016-05,midwest_premium,174.49,approx:public_anchor
2016-06,midwest_premium,171.44,approx:public_anchor
2016-07,midwest_premium,174.04,approx:public_anchor
2016-08,midwest_premium,167.24,approx:public_anchor
2016-09,midwest_premium,172.71,approx:public_anchor
2016-10,midwest_premium,167.71,approx:public_anchor
2016-11,midwest_premium,166.88,approx:public_anchor
2016-12,midwest_premium,168.31,approx:public_anchor
2017-01,midwest_premium,165.31,approx:public_anchor
2017-02,midwest_premium,167.44,approx:public_anchor
2017-03,midwest_premium,172.99,approx:public_anchor
2017-04,midwest_premium,173.04,approx:public_anchor
2017-05,midwest_premium,175.58,approx:public_anchor
2017-06,midwest_premium,176.06,approx:public_anchor
2017-07,midwest_premium,178.48,approx:public_anchor
2017-08,midwest_premium,184.8,approx:public_anchor
2017-09,midwest_premium,190.96,approx:public_anchor
2017-10,midwest_premium,180.71,approx:public_anchor
2017-11,midwest_premium,193.61,approx:public_anchor
2017-12,midwest_premium,192.81,approx:public_anchor
2018-01,midwest_premium,237.25,approx:public_anchor
2018-02,midwest_premium,274.31,approx:public_anchor
2018-03,midwest_premium,310.37,approx:public_anchor
2018-04,midwest_premium,355.23,approx:public_anchor
2018-05,midwest_premium,390.94,approx:public_anchor
2018-06,midwest_premium,425.29,approx:public_anchor
2018-07,midwest_premium,435.99,approx:public_anchor
2018-08,midwest_premium,435.58,approx:public_anchor
2018-09,midwest_premium,427.58,approx:public_anchor
2018-10,midwest_premium,428.29,approx:public_anchor
2018-11,midwest_premium,410.23,approx:public_anchor
2018-12,midwest_premium,428.87,approx:public_anchor
2019-01,midwest_premium,415.35,approx:public_anchor
2019-02,midwest_premium,413.67,approx:public_anchor
2019-03,midwest_premium,415.87,approx:public_anchor
2019-04,midwest_premium,402.08,approx:public_anchor
2019-05,midwest_premium,424.26,approx:public_anchor
2019-06,midwest_premium,409.99,approx:public_anchor
2019-07,midwest_premium,396.19,approx:public_anchor
2019-08,midwest_premium,374.46,approx:public_anchor
2019-09,midwest_premium,354.88,approx:public_anchor
2019-10,midwest_premium,350.14,approx:public_anchor
2019-11,midwest_premium,328.47,approx:public_anchor
2019-12,midwest_premium,321.49,approx:public_anchor
2020-01,midwest_premium,308.11,approx:public_anchor
2020-02,midwest_premium,300.58,approx:public_anchor
2020-03,midwest_premium,282.47,approx:public_anchor
2020-04,midwest_premium,267.46,approx:public_anchor
2020-05,midwest_premium,260.36,approx:public_anchor
2020-06,midwest_premium,239.44,approx:public_anchor
2020-07,midwest_premium,258.88,approx:public_anchor
2020-08,midwest_premium,280.44,approx:public_anchor
2020-09,midwest_premium,313.89,approx:public_anchor
2020-10,midwest_premium,326.87,approx:public_anchor
2020-11,midwest_premium,344.34,approx:public_anchor
2020-12,midwest_premium,355.51,approx:public_anchor
2021-01,midwest_premium,383.49,approx:public_anchor
2021-02,midwest_premium,415.92,approx:public_anchor
2021-03,midwest_premium,440.1,approx:public_anchor
2021-04,midwest_premium,471.87,approx:public_anchor
2021-05,midwest_premium,471.67,approx:public_anchor
2021-06,midwest_premium,504.98,approx:public_anchor
2021-07,midwest_premium,538.61,approx:public_anchor
2021-08,midwest_premium,524.86,approx:public_anchor
2021-09,midwest_premium,601.58,approx:public_anchor
2021-10,midwest_premium,586.37,approx:public_anchor
2021-11,midwest_premium,610.79,approx:public_anchor
2021-12,midwest_premium,662.14,approx:public_anchor
2022-01,midwest_premium,701.76,approx:public_anchor
2022-02,midwest_premium,760.04,approx:public_anchor
2022-03,midwest_premium,798.26,approx:public_anchor
2022-04,midwest_premium,839.05,approx:public_anchor
2022-05,midwest_premium,877.79,approx:public_anchor
2022-06,midwest_premium,810.1,approx:public_anchor
2022-07,midwest_premium,774.75,approx:public_anchor
2022-08,midwest_premium,681.34,approx:public_anchor
2022-09,midwest_premium,649.03,approx:public_anchor
2022-10,midwest_premium,603.57,approx:public_anchor
2022-11,midwest_premium,524.77,approx:public_anchor
2022-12,midwest_premium,488.08,approx:public_anchor
2023-01,midwest_premium,482.62,approx:public_anchor
2023-02,midwest_premium,467.39,approx:public_anchor
2023-03,midwest_premium,458.6,approx:public_anchor
2023-04,midwest_premium,458.36,approx:public_anchor
2023-05,midwest_premium,452.41,approx:public_anchor
2023-06,midwest_premium,437.81,approx:public_anchor
2023-07,midwest_premium,451.21,approx:public_anchor
2023-08,midwest_premium,439.67,approx:public_anchor
2023-09,midwest_premium,428.46,approx:public_anchor
2023-10,midwest_premium,435.19,approx:public_anchor
2023-11,midwest_premium,437.86,approx:public_anchor
2023-12,midwest_premium,418.13,approx:public_anchor
2024-01,midwest_premium,455.4,approx:public_anchor
2024-02,midwest_premium,424.05,approx:public_anchor
2024-03,midwest_premium,441.87,approx:public_anchor
2024-04,midwest_premium,433.52,approx:public_anchor
2024-05,midwest_premium,452.35,approx:public_anchor
2024-06,midwest_premium,454.0,approx:public_anchor
2024-07,midwest_premium,455.56,approx:public_anchor
2024-08,midwest_premium,430.44,approx:public_anchor
2024-09,midwest_premium,467.43,approx:public_anchor
2024-10,midwest_premium,502.55,approx:public_anchor
2024-11,midwest_premium,517.82,approx:public_anchor
2024-12,midwest_premium,597.58,approx:public_anchor
2025-01,midwest_premium,618.14,approx:public_anchor
2025-02,midwest_premium,650.0,approx:public_anchor
2025-03,midwest_premium,706.09,approx:public_anchor
2025-04,midwest_premium,728.11,approx:public_anchor
2025-05,midwest_premium,778.1,approx:public_anchor
2025-06,midwest_premium,802.15,approx:public_anchor
2025-07,midwest_premium,828.84,approx:public_anchor
2025-08,midwest_premium,859.87,approx:public_anchor
2025-09,midwest_premium,896.29,approx:public_anchor
2025-10,midwest_premium,885.83,approx:public_anchor
2025-11,midwest_premium,872.62,approx:public_anchor
2025-12,midwest_premium,877.66,approx:public_anchor
2026-01,midwest_premium,874.32,approx:public_anchor
2026-02,midwest_premium,930.55,approx:public_anchor
2026-03,midwest_premium,900.87,approx:public_anchor
2026-04,midwest_premium,899.3,approx:public_anchor
2026-05,midwest_premium,925.45,approx:public_anchor
2026-06,midwest_premium,888.36,approx:public_anchor
2008-01,gas,127.95,approx:public_anchor
2008-02,gas,124.71,approx:public_anchor
2008-03,gas,131.57,approx:public_anchor
2008-04,gas,131.94,approx:public_anchor
2008-05,gas,129.19,approx:public_anchor
2008-06,gas,130.96,approx:public_anchor
2008-07,gas,134.45,approx:public_anchor
2008-08,gas,126.26,approx:public_anchor
2008-09,gas,118.93,approx:public_anchor
2008-10,gas,112.43,approx:public_anchor
2008-11,gas,102.74,approx:public_anchor
2008-12,gas,100.07,approx:public_anchor
2009-01,gas,88.79,approx:public_anchor
2009-02,gas,84.89,approx:public_anchor
2009-03,gas,78.4,approx:public_anchor
2009-04,gas,70.21,approx:public_anchor
2009-05,gas,66.22,approx:public_anchor
2009-06,gas,61.97,approx:public_anchor
2009-07,gas,59.3,approx:public_anchor
2009-08,gas,57.98,approx:public_anchor
2009-09,gas,59.01,approx:public_anchor
2009-10,gas,59.83,approx:public_anchor
2009-11,gas,58.76,approx:public_anchor
2009-12,gas,58.23,approx:public_anchor
2010-01,gas,56.31,approx:public_anchor
2010-02,gas,58.22,approx:public_anchor
2010-03,gas,57.91,approx:public_anchor
2010-04,gas,58.59,approx:public_anchor
2010-05,gas,58.46,approx:public_anchor
2010-06,gas,57.25,approx:public_anchor
2010-07,gas,54.33,approx:public_anchor
2010-08,gas,54.28,approx:public_anchor
2010-09,gas,54.37,approx:public_anchor
2010-10,gas,55.62,approx:public_anchor
2010-11,gas,54.13,approx:public_anchor
2010-12,gas,56.14,approx:public_anchor
2011-01,gas,54.68,approx:public_anchor
2011-02,gas,54.51,approx:public_anchor
2011-03,gas,54.63,approx:public_anchor
2011-04,gas,53.89,approx:public_anchor
2011-05,gas,51.73,approx:public_anchor
2011-06,gas,55.54,approx:public_anchor
2011-07,gas,54.19,approx:public_anchor
2011-08,gas,53.95,approx:public_anchor
2011-09,gas,51.28,approx:public_anchor
2011-10,gas,49.85,approx:public_anchor
2011-11,gas,49.92,approx:public_anchor
2011-12,gas,50.1,approx:public_anchor
2012-01,gas,51.78,approx:public_anchor
2012-02,gas,51.5,approx:public_anchor
2012-03,gas,51.76,approx:public_anchor
2012-04,gas,52.14,approx:public_anchor
2012-05,gas,51.81,approx:public_anchor
2012-06,gas,52.92,approx:public_anchor
2012-07,gas,53.43,approx:public_anchor
2012-08,gas,54.72,approx:public_anchor
2012-09,gas,55.06,approx:public_anchor
2012-10,gas,58.23,approx:public_anchor
2012-11,gas,59.28,approx:public_anchor
2012-12,gas,59.69,approx:public_anchor
2013-01,gas,60.46,approx:public_anchor
2013-02,gas,63.3,approx:public_anchor
2013-03,gas,65.67,approx:public_anchor
2013-04,gas,65.38,approx:public_anchor
2013-05,gas,66.92,approx:public_anchor
2013-06,gas,67.07,approx:public_anchor
2013-07,gas,68.75,approx:public_anchor
2013-08,gas,69.92,approx:public_anchor
2013-09,gas,71.23,approx:public_anchor
2013-10,gas,72.04,approx:public_anchor
2013-11,gas,74.77,approx:public_anchor
2013-12,gas,77.42,approx:public_anchor
2014-01,gas,75.27,approx:public_anchor
2014-02,gas,80.18,approx:public_anchor
2014-03,gas,75.94,approx:public_anchor
2014-04,gas,74.57,approx:public_anchor
2014-05,gas,70.5,approx:public_anchor
2014-06,gas,68.74,approx:public_anchor
2014-07,gas,71.84,approx:public_anchor
2014-08,gas,67.85,approx:public_anchor
2014-09,gas,69.01,approx:public_anchor
2014-10,gas,66.55,approx:public_anchor
2014-11,gas,65.37,approx:public_anchor
2014-12,gas,65.3,approx:public_anchor
2015-01,gas,62.07,approx:public_anchor
2015-02,gas,56.75,approx:public_anchor
2015-03,gas,57.22,approx:public_anchor
2015-04,gas,58.97,approx:public_anchor
2015-05,gas,58.65,approx:public_anchor
2015-06,gas,54.85,approx:public_anchor
2015-07,gas,52.77,approx:public_anchor
2015-08,gas,50.63,approx:public_anchor
2015-09,gas,51.19,approx:public_anchor
2015-10,gas,47.43,approx:public_anchor
2015-11,gas,46.57,approx:public_anchor
2015-12,gas,46.45,approx:public_anchor
2016-01,gas,44.97,approx:public_anchor
2016-02,gas,43.22,approx:public_anchor
2016-03,gas,42.89,approx:public_anchor
2016-04,gas,41.66,approx:public_anchor
2016-05,gas,42.4,approx:public_anchor
2016-06,gas,43.79,approx:public_anchor
2016-07,gas,44.93,approx:public_anchor
2016-08,gas,45.29,approx:public_anchor
2016-09,gas,48.16,approx:public_anchor
2016-10,gas,46.46,approx:public_anchor
2016-11,gas,48.36,approx:public_anchor
2016-12,gas,47.9,approx:public_anchor
2017-01,gas,49.5,approx:public_anchor
2017-02,gas,49.46,approx:public_anchor
2017-03,gas,50.23,approx:public_anchor
2017-04,gas,53.01,approx:public_anchor
2017-05,gas,51.71,approx:public_anchor
2017-06,gas,54.59,approx:public_anchor
2017-07,gas,52.71,approx:public_anchor
2017-08,gas,53.71,approx:public_anchor
2017-09,gas,56.16,approx:public_anchor
2017-10,gas,52.9,approx:public_anchor
2017-11,gas,54.49,approx:public_anchor
2017-12,gas,57.11,approx:public_anchor
2018-01,gas,58.36,approx:public_anchor
2018-02,gas,59.2,approx:public_anchor
2018-03,gas,58.86,approx:public_anchor
2018-04,gas,58.24,approx:public_anchor
2018-05,gas,61.7,approx:public_anchor
2018-06,gas,61.95,approx:public_anchor
2018-07,gas,60.71,approx:public_anchor
2018-08,gas,62.95,approx:public_anchor
2018-09,gas,65.88,approx:public_anchor
2018-10,gas,64.44,approx:public_anchor
2018-11,gas,63.44,approx:public_anchor
2018-12,gas,63.03,approx:public_anchor
2019-01,gas,61.69,approx:public_anchor
2019-02,gas,61.15,approx:public_anchor
2019-03,gas,60.4,approx:public_anchor
2019-04,gas,56.79,approx:public_anchor
2019-05,gas,55.72,approx:public_anchor
2019-06,gas,56.19,approx:public_anchor
2019-07,gas,54.43,approx:public_anchor
2019-08,gas,53.64,approx:public_anchor
2019-09,gas,49.28,approx:public_anchor
2019-10,gas,48.41,approx:public_anchor
2019-11,gas,48.92,approx:public_anchor
2019-12,gas,45.62,approx:public_anchor
2020-01,gas,45.4,approx:public_anchor
2020-02,gas,43.63,approx:public_anchor
2020-03,gas,41.62,approx:public_anchor
2020-04,gas,42.06,approx:public_anchor
2020-05,gas,39.41,approx:public_anchor
2020-06,gas,37.61,approx:public_anchor
2020-07,gas,44.85,approx:public_anchor
2020-08,gas,52.26,approx:public_anchor
2020-09,gas,57.1,approx:public_anchor
2020-10,gas,64.84,approx:public_anchor
2020-11,gas,71.09,approx:public_anchor
2020-12,gas,76.57,approx:public_anchor
2021-01,gas,88.72,approx:public_anchor
2021-02,gas,96.74,approx:public_anchor
2021-03,gas,103.44,approx:public_anchor
2021-04,gas,104.1,approx:public_anchor
2021-05,gas,115.92,approx:public_anchor
2021-06,gas,123.68,approx:public_anchor
2021-07,gas,127.49,approx:public_anchor
2021-08,gas,138.25,approx:public_anchor
2021-09,gas,139.74,approx:public_anchor
2021-10,gas,146.71,approx:public_anchor
2021-11,gas,152.85,approx:public_anchor
2021-12,gas,158.62,approx:public_anchor
2022-01,gas,163.07,approx:public_anchor
2022-02,gas,175.34,approx:public_anchor
2022-03,gas,173.62,approx:public_anchor
2022-04,gas,181.25,approx:public_anchor
2022-05,gas,186.04,approx:public_anchor
2022-06,gas,202.65,approx:public_anchor
2022-07,gas,195.84,approx:public_anchor
2022-08,gas,206.94,approx:public_anchor
2022-09,gas,197.9,approx:public_anchor
2022-10,gas,172.49,approx:public_anchor
2022-11,gas,159.87,approx:public_anchor
2022-12,gas,147.49,approx:public_anchor
2023-01,gas,130.75,approx:public_anchor
2023-02,gas,123.22,approx:public_anchor
2023-03,gas,105.09,approx:public_anchor
2023-04,gas,93.95,approx:public_anchor
2023-05,gas,90.56,approx:public_anchor
2023-06,gas,87.23,approx:public_anchor
2023-07,gas,86.44,approx:public_anchor
2023-08,gas,81.89,approx:public_anchor
2023-09,gas,81.7,approx:public_anchor
2023-10,gas,75.54,approx:public_anchor
2023-11,gas,74.07,approx:public_anchor
2023-12,gas,74.57,approx:public_anchor
2024-01,gas,67.42,approx:public_anchor
2024-02,gas,68.65,approx:public_anchor
2024-03,gas,68.7,approx:public_anchor
2024-04,gas,69.77,approx:public_anchor
2024-05,gas,70.81,approx:public_anchor
2024-06,gas,74.98,approx:public_anchor
2024-07,gas,72.08,approx:public_anchor
2024-08,gas,76.9,approx:public_anchor
2024-09,gas,77.64,approx:public_anchor
2024-10,gas,77.51,approx:public_anchor
2024-11,gas,79.31,approx:public_anchor
2024-12,gas,81.87,approx:public_anchor
2025-01,gas,81.02,approx:public_anchor
2025-02,gas,81.44,approx:public_anchor
2025-03,gas,86.49,approx:public_anchor
2025-04,gas,86.51,approx:public_anchor
2025-05,gas,89.26,approx:public_anchor
2025-06,gas,92.1,approx:public_anchor
2025-07,gas,95.39,approx:public_anchor
2025-08,gas,99.49,approx:public_anchor
2025-09,gas,98.67,approx:public_anchor
2025-10,gas,100.23,approx:public_anchor
2025-11,gas,103.67,approx:public_anchor
2025-12,gas,104.59,approx:public_anchor
2026-01,gas,102.41,approx:public_anchor
2026-02,gas,106.7,approx:public_anchor
2026-03,gas,107.27,approx:public_anchor
2026-04,gas,113.56,approx:public_anchor
2026-05,gas,112.8,approx:public_anchor
2026-06,gas,108.77,approx:public_anchor
2008-01,labour,96.19,approx:public_anchor
2008-02,labour,99.33,approx:public_anchor
2008-03,labour,97.24,approx:public_anchor
2008-04,labour,93.56,approx:public_anchor
2008-05,labour,94.7,approx:public_anchor
2008-06,labour,97.7,approx:public_anchor
2008-07,labour,96.17,approx:public_anchor
2008-08,labour,98.76,approx:public_anchor
2008-09,labour,92.91,approx:public_anchor
2008-10,labour,100.97,approx:public_anchor
2008-11,labour,100.74,approx:public_anchor
2008-12,labour,94.47,approx:public_anchor
2009-01,labour,96.92,approx:public_anchor
2009-02,labour,96.53,approx:public_anchor
2009-03,labour,97.19,approx:public_anchor
2009-04,labour,100.08,approx:public_anchor
2009-05,labour,97.38,approx:public_anchor
2009-06,labour,96.79,approx:public_anchor
2009-07,labour,100.25,approx:public_anchor
2009-08,labour,101.74,approx:public_anchor
2009-09,labour,98.4,approx:public_anchor
2009-10,labour,100.09,approx:public_anchor
2009-11,labour,96.82,approx:public_anchor
2009-12,labour,101.95,approx:public_anchor
2010-01,labour,104.78,approx:public_anchor
2010-02,labour,101.58,approx:public_anchor
2010-03,labour,100.45,approx:public_anchor
2010-04,labour,96.6,approx:public_anchor
2010-05,labour,100.34,approx:public_anchor
2010-06,labour,96.96,approx:public_anchor
2010-07,labour,103.02,approx:public_anchor
2010-08,labour,105.33,approx:public_anchor
2010-09,labour,104.74,approx:public_anchor
2010-10,labour,102.39,approx:public_anchor
2010-11,labour,103.28,approx:public_anchor
2010-12,labour,101.03,approx:public_anchor
2011-01,labour,103.14,approx:public_anchor
2011-02,labour,103.35,approx:public_anchor
2011-03,labour,103.04,approx:public_anchor
2011-04,labour,97.6,approx:public_anchor
2011-05,labour,104.02,approx:public_anchor
2011-06,labour,104.62,approx:public_anchor
2011-07,labour,102.24,approx:public_anchor
2011-08,labour,104.97,approx:public_anchor
2011-09,labour,105.98,approx:public_anchor
2011-10,labour,99.8,approx:public_anchor
2011-11,labour,106.58,approx:public_anchor
2011-12,labour,103.7,approx:public_anchor
2012-01,labour,102.47,approx:public_anchor
2012-02,labour,105.55,approx:public_anchor
2012-03,labour,103.74,approx:public_anchor
2012-04,labour,104.67,approx:public_anchor
2012-05,labour,103.74,approx:public_anchor
2012-06,labour,104.74,approx:public_anchor
2012-07,labour,103.81,approx:public_anchor
2012-08,labour,105.45,approx:public_anchor
2012-09,labour,104.61,approx:public_anchor
2012-10,labour,104.3,approx:public_anchor
2012-11,labour,109.96,approx:public_anchor
2012-12,labour,107.93,approx:public_anchor
2013-01,labour,109.1,approx:public_anchor
2013-02,labour,112.31,approx:public_anchor
2013-03,labour,110.22,approx:public_anchor
2013-04,labour,109.02,approx:public_anchor
2013-05,labour,106.79,approx:public_anchor
2013-06,labour,111.34,approx:public_anchor
2013-07,labour,110.9,approx:public_anchor
2013-08,labour,112.45,approx:public_anchor
2013-09,labour,110.07,approx:public_anchor
2013-10,labour,109.79,approx:public_anchor
2013-11,labour,106.1,approx:public_anchor
2013-12,labour,112.44,approx:public_anchor
2014-01,labour,107.87,approx:public_anchor
2014-02,labour,110.54,approx:public_anchor
2014-03,labour,113.08,approx:public_anchor
2014-04,labour,112.36,approx:public_anchor
2014-05,labour,112.24,approx:public_anchor
2014-06,labour,113.77,approx:public_anchor
2014-07,labour,108.84,approx:public_anchor
2014-08,labour,113.38,approx:public_anchor
2014-09,labour,116.49,approx:public_anchor
2014-10,labour,116.53,approx:public_anchor
2014-11,labour,110.53,approx:public_anchor
2014-12,labour,116.58,approx:public_anchor
2015-01,labour,115.64,approx:public_anchor
2015-02,labour,112.53,approx:public_anchor
2015-03,labour,111.9,approx:public_anchor
2015-04,labour,115.06,approx:public_anchor
2015-05,labour,119.01,approx:public_anchor
2015-06,labour,117.11,approx:public_anchor
2015-07,labour,113.94,approx:public_anchor
2015-08,labour,116.75,approx:public_anchor
2015-09,labour,119.31,approx:public_anchor
2015-10,labour,116.82,approx:public_anchor
2015-11,labour,116.18,approx:public_anchor
2015-12,labour,118.71,approx:public_anchor
2016-01,labour,112.75,approx:public_anchor
2016-02,labour,119.25,approx:public_anchor
2016-03,labour,115.15,approx:public_anchor
2016-04,labour,118.63,approx:public_anchor
2016-05,labour,120.06,approx:public_anchor
2016-06,labour,119.15,approx:public_anchor
2016-07,labour,117.98,approx:public_anchor
2016-08,labour,119.21,approx:public_anchor
2016-09,labour,122.54,approx:public_anchor
2016-10,labour,117.45,approx:public_anchor
2016-11,labour,118.92,approx:public_anchor
2016-12,labour,122.31,approx:public_anchor
2017-01,labour,123.85,approx:public_anchor
2017-02,labour,122.13,approx:public_anchor
2017-03,labour,121.16,approx:public_anchor
2017-04,labour,124.63,approx:public_anchor
2017-05,labour,122.18,approx:public_anchor
2017-06,labour,128.76,approx:public_anchor
2017-07,labour,127.27,approx:public_anchor
2017-08,labour,129.04,approx:public_anchor
2017-09,labour,122.05,approx:public_anchor
2017-10,labour,123.62,approx:public_anchor
2017-11,labour,124.48,approx:public_anchor
2017-12,labour,122.29,approx:public_anchor
2018-01,labour,124.49,approx:public_anchor
2018-02,labour,128.68,approx:public_anchor
2018-03,labour,123.88,approx:public_anchor
2018-04,labour,126.1,approx:public_anchor
2018-05,labour,131.16,approx:public_anchor
2018-06,labour,128.36,approx:public_anchor
2018-07,labour,129.21,approx:public_anchor
2018-08,labour,128.25,approx:public_anchor
2018-09,labour,126.86,approx:public_anchor
2018-10,labour,127.9,approx:public_anchor
2018-11,labour,129.92,approx:public_anchor
2018-12,labour,127.97,approx:public_anchor
2019-01,labour,130.0,approx:public_anchor
2019-02,labour,128.55,approx:public_anchor
2019-03,labour,129.41,approx:public_anchor
2019-04,labour,133.73,approx:public_anchor
2019-05,labour,131.07,approx:public_anchor
2019-06,labour,125.81,approx:public_anchor
2019-07,labour,128.67,approx:public_anchor
2019-08,labour,133.99,approx:public_anchor
2019-09,labour,133.81,approx:public_anchor
2019-10,labour,125.72,approx:public_anchor
2019-11,labour,129.89,approx:public_anchor
2019-12,labour,128.62,approx:public_anchor
2020-01,labour,121.78,approx:public_anchor
2020-02,labour,129.16,approx:public_anchor
2020-03,labour,133.55,approx:public_anchor
2020-04,labour,126.24,approx:public_anchor
2020-05,labour,127.22,approx:public_anchor
2020-06,labour,130.43,approx:public_anchor
2020-07,labour,127.54,approx:public_anchor
2020-08,labour,128.37,approx:public_anchor
2020-09,labour,131.16,approx:public_anchor
2020-10,labour,127.32,approx:public_anchor
2020-11,labour,133.43,approx:public_anchor
2020-12,labour,129.27,approx:public_anchor
2021-01,labour,133.89,approx:public_anchor
2021-02,labour,136.85,approx:public_anchor
2021-03,labour,140.04,approx:public_anchor
2021-04,labour,134.05,approx:public_anchor
2021-05,labour,137.74,approx:public_anchor
2021-06,labour,138.61,approx:public_anchor
2021-07,labour,133.87,approx:public_anchor
2021-08,labour,139.96,approx:public_anchor
2021-09,labour,142.08,approx:public_anchor
2021-10,labour,144.19,approx:public_anchor
2021-11,labour,149.63,approx:public_anchor
2021-12,labour,145.25,approx:public_anchor
2022-01,labour,145.91,approx:public_anchor
2022-02,labour,147.0,approx:public_anchor
2022-03,labour,148.37,approx:public_anchor
2022-04,labour,151.08,approx:public_anchor
2022-05,labour,155.66,approx:public_anchor
2022-06,labour,148.63,approx:public_anchor
2022-07,labour,152.91,approx:public_anchor
2022-08,labour,146.16,approx:public_anchor
2022-09,labour,149.32,approx:public_anchor
2022-10,labour,156.06,approx:public_anchor
2022-11,labour,149.64,approx:public_anchor
2022-12,labour,158.46,approx:public_anchor
2023-01,labour,162.51,approx:public_anchor
2023-02,labour,156.38,approx:public_anchor
2023-03,labour,157.74,approx:public_anchor
2023-04,labour,161.04,approx:public_anchor
2023-05,labour,160.19,approx:public_anchor
2023-06,labour,162.65,approx:public_anchor
2023-07,labour,161.22,approx:public_anchor
2023-08,labour,167.26,approx:public_anchor
2023-09,labour,166.13,approx:public_anchor
2023-10,labour,165.6,approx:public_anchor
2023-11,labour,158.85,approx:public_anchor
2023-12,labour,164.89,approx:public_anchor
2024-01,labour,168.21,approx:public_anchor
2024-02,labour,171.25,approx:public_anchor
2024-03,labour,167.27,approx:public_anchor
2024-04,labour,172.43,approx:public_anchor
2024-05,labour,174.05,approx:public_anchor
2024-06,labour,169.7,approx:public_anchor
2024-07,labour,175.15,approx:public_anchor
2024-08,labour,172.67,approx:public_anchor
2024-09,labour,170.11,approx:public_anchor
2024-10,labour,174.65,approx:public_anchor
2024-11,labour,180.29,approx:public_anchor
2024-12,labour,177.74,approx:public_anchor
2025-01,labour,177.14,approx:public_anchor
2025-02,labour,180.87,approx:public_anchor
2025-03,labour,181.18,approx:public_anchor
2025-04,labour,180.05,approx:public_anchor
2025-05,labour,173.28,approx:public_anchor
2025-06,labour,171.45,approx:public_anchor
2025-07,labour,175.49,approx:public_anchor
2025-08,labour,188.41,approx:public_anchor
2025-09,labour,185.57,approx:public_anchor
2025-10,labour,177.86,approx:public_anchor
2025-11,labour,187.37,approx:public_anchor
2025-12,labour,179.83,approx:public_anchor
2026-01,labour,186.58,approx:public_anchor
2026-02,labour,190.12,approx:public_anchor
2026-03,labour,186.87,approx:public_anchor
2026-04,labour,191.15,approx:public_anchor
2026-05,labour,192.16,approx:public_anchor
2026-06,labour,182.99,approx:public_anchor
2008-01,macro,40.88,approx:public_anchor
2008-02,macro,45.24,approx:public_anchor
2008-03,macro,53.54,approx:public_anchor
2008-04,macro,57.86,approx:public_anchor
2008-05,macro,67.12,approx:public_anchor
2008-06,macro,69.9,approx:public_anchor
2008-07,macro,77.45,approx:public_anchor
2008-08,macro,83.97,approx:public_anchor
2008-09,macro,87.58,approx:public_anchor
2008-10,macro,99.53,approx:public_anchor
2008-11,macro,101.05,approx:public_anchor
2008-12,macro,107.82,approx:public_anchor
2009-01,macro,115.82,approx:public_anchor
2009-02,macro,125.41,approx:public_anchor
2009-03,macro,127.89,approx:public_anchor
2009-04,macro,131.86,approx:public_anchor
2009-05,macro,123.57,approx:public_anchor
2009-06,macro,119.76,approx:public_anchor
2009-07,macro,118.32,approx:public_anchor
2009-08,macro,113.79,approx:public_anchor
2009-09,macro,108.56,approx:public_anchor
2009-10,macro,106.54,approx:public_anchor
2009-11,macro,104.89,approx:public_anchor
2009-12,macro,104.56,approx:public_anchor
2010-01,macro,98.7,approx:public_anchor
2010-02,macro,95.9,approx:public_anchor
2010-03,macro,87.71,approx:public_anchor
2010-04,macro,88.16,approx:public_anchor
2010-05,macro,85.41,approx:public_anchor
2010-06,macro,85.17,approx:public_anchor
2010-07,macro,81.61,approx:public_anchor
2010-08,macro,76.09,approx:public_anchor
2010-09,macro,73.5,approx:public_anchor
2010-10,macro,69.45,approx:public_anchor
2010-11,macro,65.39,approx:public_anchor
2010-12,macro,63.2,approx:public_anchor
2011-01,macro,59.55,approx:public_anchor
2011-02,macro,61.85,approx:public_anchor
2011-03,macro,63.77,approx:public_anchor
2011-04,macro,64.12,approx:public_anchor
2011-05,macro,67.3,approx:public_anchor
2011-06,macro,65.77,approx:public_anchor
2011-07,macro,68.77,approx:public_anchor
2011-08,macro,70.49,approx:public_anchor
2011-09,macro,69.03,approx:public_anchor
2011-10,macro,74.04,approx:public_anchor
2011-11,macro,75.65,approx:public_anchor
2011-12,macro,78.66,approx:public_anchor
2012-01,macro,77.43,approx:public_anchor
2012-02,macro,79.92,approx:public_anchor
2012-03,macro,81.47,approx:public_anchor
2012-04,macro,79.2,approx:public_anchor
2012-05,macro,83.83,approx:public_anchor
2012-06,macro,82.34,approx:public_anchor
2012-07,macro,86.75,approx:public_anchor
2012-08,macro,88.99,approx:public_anchor
2012-09,macro,89.66,approx:public_anchor
2012-10,macro,86.9,approx:public_anchor
2012-11,macro,94.78,approx:public_anchor
2012-12,macro,94.11,approx:public_anchor
2013-01,macro,96.91,approx:public_anchor
2013-02,macro,94.31,approx:public_anchor
2013-03,macro,95.5,approx:public_anchor
2013-04,macro,100.92,approx:public_anchor
2013-05,macro,97.12,approx:public_anchor
2013-06,macro,97.28,approx:public_anchor
2013-07,macro,98.02,approx:public_anchor
2013-08,macro,101.37,approx:public_anchor
2013-09,macro,96.85,approx:public_anchor
2013-10,macro,99.98,approx:public_anchor
2013-11,macro,99.45,approx:public_anchor
2013-12,macro,106.99,approx:public_anchor
2014-01,macro,104.73,approx:public_anchor
2014-02,macro,103.34,approx:public_anchor
2014-03,macro,104.24,approx:public_anchor
2014-04,macro,103.91,approx:public_anchor
2014-05,macro,104.08,approx:public_anchor
2014-06,macro,105.28,approx:public_anchor
2014-07,macro,110.03,approx:public_anchor
2014-08,macro,106.25,approx:public_anchor
2014-09,macro,106.93,approx:public_anchor
2014-10,macro,108.8,approx:public_anchor
2014-11,macro,111.98,approx:public_anchor
2014-12,macro,110.44,approx:public_anchor
2015-01,macro,107.66,approx:public_anchor
2015-02,macro,110.77,approx:public_anchor
2015-03,macro,111.31,approx:public_anchor
2015-04,macro,108.91,approx:public_anchor
2015-05,macro,110.83,approx:public_anchor
2015-06,macro,113.92,approx:public_anchor
2015-07,macro,112.78,approx:public_anchor
2015-08,macro,118.24,approx:public_anchor
2015-09,macro,115.82,approx:public_anchor
2015-10,macro,111.12,approx:public_anchor
2015-11,macro,109.14,approx:public_anchor
2015-12,macro,104.5,approx:public_anchor
2016-01,macro,102.21,approx:public_anchor
2016-02,macro,102.29,approx:public_anchor
2016-03,macro,97.75,approx:public_anchor
2016-04,macro,91.36,approx:public_anchor
2016-05,macro,89.68,approx:public_anchor
2016-06,macro,90.35,approx:public_anchor
2016-07,macro,84.47,approx:public_anchor
2016-08,macro,83.07,approx:public_anchor
2016-09,macro,82.51,approx:public_anchor
2016-10,macro,77.53,approx:public_anchor
2016-11,macro,74.61,approx:public_anchor
2016-12,macro,71.6,approx:public_anchor
2017-01,macro,70.8,approx:public_anchor
2017-02,macro,65.53,approx:public_anchor
2017-03,macro,62.04,approx:public_anchor
2017-04,macro,60.84,approx:public_anchor
2017-05,macro,59.78,approx:public_anchor
2017-06,macro,55.44,approx:public_anchor
2017-07,macro,55.89,approx:public_anchor
2017-08,macro,54.69,approx:public_anchor
2017-09,macro,51.37,approx:public_anchor
2017-10,macro,51.78,approx:public_anchor
2017-11,macro,50.78,approx:public_anchor
2017-12,macro,50.06,approx:public_anchor
2018-01,macro,50.43,approx:public_anchor
2018-02,macro,49.75,approx:public_anchor
2018-03,macro,48.26,approx:public_anchor
2018-04,macro,47.86,approx:public_anchor
2018-05,macro,45.34,approx:public_anchor
2018-06,macro,45.79,approx:public_anchor
2018-07,macro,47.94,approx:public_anchor
2018-08,macro,52.53,approx:public_anchor
2018-09,macro,55.4,approx:public_anchor
2018-10,macro,62.23,approx:public_anchor
2018-11,macro,64.1,approx:public_anchor
2018-12,macro,69.63,approx:public_anchor
2019-01,macro,70.61,approx:public_anchor
2019-02,macro,76.78,approx:public_anchor
2019-03,macro,81.67,approx:public_anchor
2019-04,macro,84.44,approx:public_anchor
2019-05,macro,88.54,approx:public_anchor
2019-06,macro,92.42,approx:public_anchor
2019-07,macro,95.95,approx:public_anchor
2019-08,macro,99.24,approx:public_anchor
2019-09,macro,102.14,approx:public_anchor
2019-10,macro,110.05,approx:public_anchor
2019-11,macro,111.77,approx:public_anchor
2019-12,macro,115.85,approx:public_anchor
2020-01,macro,120.39,approx:public_anchor
2020-02,macro,120.42,approx:public_anchor
2020-03,macro,123.97,approx:public_anchor
2020-04,macro,127.83,approx:public_anchor
2020-05,macro,140.13,approx:public_anchor
2020-06,macro,127.69,approx:public_anchor
2020-07,macro,123.24,approx:public_anchor
2020-08,macro,110.41,approx:public_anchor
2020-09,macro,106.88,approx:public_anchor
2020-10,macro,101.03,approx:public_anchor
2020-11,macro,92.87,approx:public_anchor
2020-12,macro,88.98,approx:public_anchor
2021-01,macro,79.61,approx:public_anchor
2021-02,macro,73.16,approx:public_anchor
2021-03,macro,67.89,approx:public_anchor
2021-04,macro,61.42,approx:public_anchor
2021-05,macro,52.97,approx:public_anchor
2021-06,macro,45.31,approx:public_anchor
2021-07,macro,38.61,approx:public_anchor
2021-08,macro,32.71,approx:public_anchor
2021-09,macro,24.51,approx:public_anchor
2021-10,macro,16.36,approx:public_anchor
2021-11,macro,8.16,approx:public_anchor
2021-12,macro,0.22,approx:public_anchor
2022-01,macro,-8.23,approx:public_anchor
2022-02,macro,-16.94,approx:public_anchor
2022-03,macro,-25.34,approx:public_anchor
2022-04,macro,-15.7,approx:public_anchor
2022-05,macro,-6.52,approx:public_anchor
2022-06,macro,2.66,approx:public_anchor
2022-07,macro,11.95,approx:public_anchor
2022-08,macro,21.36,approx:public_anchor
2022-09,macro,30.36,approx:public_anchor
2022-10,macro,40.0,approx:public_anchor
2022-11,macro,44.21,approx:public_anchor
2022-12,macro,48.32,approx:public_anchor
2023-01,macro,54.0,approx:public_anchor
2023-02,macro,58.58,approx:public_anchor
2023-03,macro,60.05,approx:public_anchor
2023-04,macro,67.39,approx:public_anchor
2023-05,macro,70.86,approx:public_anchor
2023-06,macro,74.47,approx:public_anchor
2023-07,macro,81.74,approx:public_anchor
2023-08,macro,85.47,approx:public_anchor
2023-09,macro,82.96,approx:public_anchor
2023-10,macro,78.16,approx:public_anchor
2023-11,macro,78.77,approx:public_anchor
2023-12,macro,73.76,approx:public_anchor
2024-01,macro,69.16,approx:public_anchor
2024-02,macro,69.59,approx:public_anchor
2024-03,macro,62.94,approx:public_anchor
2024-04,macro,62.87,approx:public_anchor
2024-05,macro,57.66,approx:public_anchor
2024-06,macro,54.32,approx:public_anchor
2024-07,macro,51.32,approx:public_anchor
2024-08,macro,48.16,approx:public_anchor
2024-09,macro,45.38,approx:public_anchor
2024-10,macro,43.65,approx:public_anchor
2024-11,macro,40.34,approx:public_anchor
2024-12,macro,36.26,approx:public_anchor
2025-01,macro,34.72,approx:public_anchor
2025-02,macro,30.71,approx:public_anchor
2025-03,macro,29.04,approx:public_anchor
2025-04,macro,25.59,approx:public_anchor
2025-05,macro,22.81,approx:public_anchor
2025-06,macro,20.48,approx:public_anchor
2025-07,macro,14.38,approx:public_anchor
2025-08,macro,10.45,approx:public_anchor
2025-09,macro,5.62,approx:public_anchor
2025-10,macro,0.22,approx:public_anchor
2025-11,macro,-4.89,approx:public_anchor
2025-12,macro,-10.14,approx:public_anchor
2026-01,macro,-14.67,approx:public_anchor
2026-02,macro,-13.05,approx:public_anchor
2026-03,macro,-11.06,approx:public_anchor
2026-04,macro,-9.16,approx:public_anchor
2026-05,macro,-6.72,approx:public_anchor
2026-06,macro,-4.83,approx:public_anchor
2008-01,external,30.34,approx:public_anchor
2008-02,external,30.13,approx:public_anchor
2008-03,external,29.22,approx:public_anchor
2008-04,external,29.37,approx:public_anchor
2008-05,external,29.17,approx:public_anchor
2008-06,external,28.99,approx:public_anchor
2008-07,external,30.01,approx:public_anchor
2008-08,external,28.38,approx:public_anchor
2008-09,external,28.17,approx:public_anchor
2008-10,external,27.87,approx:public_anchor
2008-11,external,28.5,approx:public_anchor
2008-12,external,27.48,approx:public_anchor
2009-01,external,27.45,approx:public_anchor
2009-02,external,27.77,approx:public_anchor
2009-03,external,27.5,approx:public_anchor
2009-04,external,26.35,approx:public_anchor
2009-05,external,27.63,approx:public_anchor
2009-06,external,26.61,approx:public_anchor
2009-07,external,26.75,approx:public_anchor
2009-08,external,26.21,approx:public_anchor
2009-09,external,26.72,approx:public_anchor
2009-10,external,25.45,approx:public_anchor
2009-11,external,25.1,approx:public_anchor
2009-12,external,25.42,approx:public_anchor
2010-01,external,25.7,approx:public_anchor
2010-02,external,25.37,approx:public_anchor
2010-03,external,26.22,approx:public_anchor
2010-04,external,26.95,approx:public_anchor
2010-05,external,25.77,approx:public_anchor
2010-06,external,27.64,approx:public_anchor
2010-07,external,27.9,approx:public_anchor
2010-08,external,27.38,approx:public_anchor
2010-09,external,28.0,approx:public_anchor
2010-10,external,28.14,approx:public_anchor
2010-11,external,29.26,approx:public_anchor
2010-12,external,28.8,approx:public_anchor
2011-01,external,29.92,approx:public_anchor
2011-02,external,30.75,approx:public_anchor
2011-03,external,29.23,approx:public_anchor
2011-04,external,30.94,approx:public_anchor
2011-05,external,31.01,approx:public_anchor
2011-06,external,31.12,approx:public_anchor
2011-07,external,32.09,approx:public_anchor
2011-08,external,32.1,approx:public_anchor
2011-09,external,31.55,approx:public_anchor
2011-10,external,32.54,approx:public_anchor
2011-11,external,33.3,approx:public_anchor
2011-12,external,33.18,approx:public_anchor
2012-01,external,33.15,approx:public_anchor
2012-02,external,36.15,approx:public_anchor
2012-03,external,35.83,approx:public_anchor
2012-04,external,36.12,approx:public_anchor
2012-05,external,35.65,approx:public_anchor
2012-06,external,34.46,approx:public_anchor
2012-07,external,36.12,approx:public_anchor
2012-08,external,37.1,approx:public_anchor
2012-09,external,36.75,approx:public_anchor
2012-10,external,37.02,approx:public_anchor
2012-11,external,38.1,approx:public_anchor
2012-12,external,39.85,approx:public_anchor
2013-01,external,38.84,approx:public_anchor
2013-02,external,39.09,approx:public_anchor
2013-03,external,38.8,approx:public_anchor
2013-04,external,40.97,approx:public_anchor
2013-05,external,40.42,approx:public_anchor
2013-06,external,40.51,approx:public_anchor
2013-07,external,40.68,approx:public_anchor
2013-08,external,40.84,approx:public_anchor
2013-09,external,41.91,approx:public_anchor
2013-10,external,43.84,approx:public_anchor
2013-11,external,42.55,approx:public_anchor
2013-12,external,43.35,approx:public_anchor
2014-01,external,42.61,approx:public_anchor
2014-02,external,43.92,approx:public_anchor
2014-03,external,42.77,approx:public_anchor
2014-04,external,45.7,approx:public_anchor
2014-05,external,44.33,approx:public_anchor
2014-06,external,45.64,approx:public_anchor
2014-07,external,46.4,approx:public_anchor
2014-08,external,48.73,approx:public_anchor
2014-09,external,49.04,approx:public_anchor
2014-10,external,50.19,approx:public_anchor
2014-11,external,49.03,approx:public_anchor
2014-12,external,50.6,approx:public_anchor
2015-01,external,51.63,approx:public_anchor
2015-02,external,52.76,approx:public_anchor
2015-03,external,53.94,approx:public_anchor
2015-04,external,56.97,approx:public_anchor
2015-05,external,56.97,approx:public_anchor
2015-06,external,58.13,approx:public_anchor
2015-07,external,58.1,approx:public_anchor
2015-08,external,59.14,approx:public_anchor
2015-09,external,59.69,approx:public_anchor
2015-10,external,63.77,approx:public_anchor
2015-11,external,63.66,approx:public_anchor
2015-12,external,65.53,approx:public_anchor
2016-01,external,65.99,approx:public_anchor
2016-02,external,65.54,approx:public_anchor
2016-03,external,67.75,approx:public_anchor
2016-04,external,65.96,approx:public_anchor
2016-05,external,71.01,approx:public_anchor
2016-06,external,71.14,approx:public_anchor
2016-07,external,72.51,approx:public_anchor
2016-08,external,73.43,approx:public_anchor
2016-09,external,75.27,approx:public_anchor
2016-10,external,75.09,approx:public_anchor
2016-11,external,76.57,approx:public_anchor
2016-12,external,76.55,approx:public_anchor
2017-01,external,78.31,approx:public_anchor
2017-02,external,80.3,approx:public_anchor
2017-03,external,82.35,approx:public_anchor
2017-04,external,81.34,approx:public_anchor
2017-05,external,80.7,approx:public_anchor
2017-06,external,80.97,approx:public_anchor
2017-07,external,84.76,approx:public_anchor
2017-08,external,85.02,approx:public_anchor
2017-09,external,88.42,approx:public_anchor
2017-10,external,91.36,approx:public_anchor
2017-11,external,88.15,approx:public_anchor
2017-12,external,93.04,approx:public_anchor
2018-01,external,93.99,approx:public_anchor
2018-02,external,91.03,approx:public_anchor
2018-03,external,93.07,approx:public_anchor
2018-04,external,96.39,approx:public_anchor
2018-05,external,92.06,approx:public_anchor
2018-06,external,90.29,approx:public_anchor
2018-07,external,92.16,approx:public_anchor
2018-08,external,88.25,approx:public_anchor
2018-09,external,86.74,approx:public_anchor
2018-10,external,87.6,approx:public_anchor
2018-11,external,85.25,approx:public_anchor
2018-12,external,84.05,approx:public_anchor
2019-01,external,84.63,approx:public_anchor
2019-02,external,82.96,approx:public_anchor
2019-03,external,76.7,approx:public_anchor
2019-04,external,79.47,approx:public_anchor
2019-05,external,76.61,approx:public_anchor
2019-06,external,75.66,approx:public_anchor
2019-07,external,72.85,approx:public_anchor
2019-08,external,70.64,approx:public_anchor
2019-09,external,65.7,approx:public_anchor
2019-10,external,61.01,approx:public_anchor
2019-11,external,58.15,approx:public_anchor
2019-12,external,52.48,approx:public_anchor
2020-01,external,51.16,approx:public_anchor
2020-02,external,47.31,approx:public_anchor
2020-03,external,42.55,approx:public_anchor
2020-04,external,38.95,approx:public_anchor
2020-05,external,42.61,approx:public_anchor
2020-06,external,46.68,approx:public_anchor
2020-07,external,51.74,approx:public_anchor
2020-08,external,54.67,approx:public_anchor
2020-09,external,57.75,approx:public_anchor
2020-10,external,61.91,approx:public_anchor
2020-11,external,67.6,approx:public_anchor
2020-12,external,69.23,approx:public_anchor
2021-01,external,72.15,approx:public_anchor
2021-02,external,80.4,approx:public_anchor
2021-03,external,79.38,approx:public_anchor
2021-04,external,85.24,approx:public_anchor
2021-05,external,89.68,approx:public_anchor
2021-06,external,92.11,approx:public_anchor
2021-07,external,95.1,approx:public_anchor
2021-08,external,101.74,approx:public_anchor
2021-09,external,103.19,approx:public_anchor
2021-10,external,107.98,approx:public_anchor
2021-11,external,110.23,approx:public_anchor
2021-12,external,117.77,approx:public_anchor
2022-01,external,115.63,approx:public_anchor
2022-02,external,118.44,approx:public_anchor
2022-03,external,123.0,approx:public_anchor
2022-04,external,120.33,approx:public_anchor
2022-05,external,115.54,approx:public_anchor
2022-06,external,111.9,approx:public_anchor
2022-07,external,105.73,approx:public_anchor
2022-08,external,103.57,approx:public_anchor
2022-09,external,95.39,approx:public_anchor
2022-10,external,91.29,approx:public_anchor
2022-11,external,88.61,approx:public_anchor
2022-12,external,83.39,approx:public_anchor
2023-01,external,78.78,approx:public_anchor
2023-02,external,80.13,approx:public_anchor
2023-03,external,80.89,approx:public_anchor
2023-04,external,83.51,approx:public_anchor
2023-05,external,85.24,approx:public_anchor
2023-06,external,87.15,approx:public_anchor
2023-07,external,86.33,approx:public_anchor
2023-08,external,85.87,approx:public_anchor
2023-09,external,86.19,approx:public_anchor
2023-10,external,87.17,approx:public_anchor
2023-11,external,87.26,approx:public_anchor
2023-12,external,92.13,approx:public_anchor
2024-01,external,95.18,approx:public_anchor
2024-02,external,92.89,approx:public_anchor
2024-03,external,94.53,approx:public_anchor
2024-04,external,90.93,approx:public_anchor
2024-05,external,99.1,approx:public_anchor
2024-06,external,102.1,approx:public_anchor
2024-07,external,107.7,approx:public_anchor
2024-08,external,109.96,approx:public_anchor
2024-09,external,114.22,approx:public_anchor
2024-10,external,118.04,approx:public_anchor
2024-11,external,122.67,approx:public_anchor
2024-12,external,133.54,approx:public_anchor
2025-01,external,134.36,approx:public_anchor
2025-02,external,132.85,approx:public_anchor
2025-03,external,140.29,approx:public_anchor
2025-04,external,144.05,approx:public_anchor
2025-05,external,149.11,approx:public_anchor
2025-06,external,136.5,approx:public_anchor
2025-07,external,141.48,approx:public_anchor
2025-08,external,140.19,approx:public_anchor
2025-09,external,141.92,approx:public_anchor
2025-10,external,138.9,approx:public_anchor
2025-11,external,132.17,approx:public_anchor
2025-12,external,126.67,approx:public_anchor
2026-01,external,126.46,approx:public_anchor
2026-02,external,125.53,approx:public_anchor
2026-03,external,124.93,approx:public_anchor
2026-04,external,122.0,approx:public_anchor
2026-05,external,118.63,approx:public_anchor
2026-06,external,121.56,approx:public_anchor
